suite67,0.893085241317749,0.432452917098999
suite67,0.5488929748535156,0.3305518627166748
suite67,0.4567587375640869,0.3297858238220215
suite67,0.4131150245666504,1.0690045356750488
suite67,0.17678284645080566,0.17419171333312988
suite67,0.1902773380279541,0.16701555252075195
suite67,0.20628976821899414,0.1732335090637207
suite67,0.19439911842346191,0.17117667198181152
suite67,0.19052553176879883,0.17114853858947754
suite67,0.19652390480041504,0.17508912086486816
suite67,0.21806049346923828,0.16845273971557617
suite67,0.21468353271484375,0.17160725593566895
suite67,0.1968851089477539,0.17338132858276367
suite67,0.19055652618408203,0.1753544807434082
suite67,0.2048351764678955,0.17154741287231445
suite67,0.1902616024017334,0.16718173027038574
suite67,0.1938025951385498,0.1890091896057129
suite67,0.21526360511779785,0.18050503730773926
suite67,0.19827008247375488,0.17175793647766113
suite67,0.19371867179870605,0.1738414764404297
suite67,0.18912243843078613,0.17197799682617188
suite67,0.20035910606384277,0.17204737663269043
suite67,0.19052767753601074,0.17423009872436523
suite67,0.19219708442687988,0.1605219841003418
suite67,0.19862818717956543,0.1733260154724121
suite67,0.19506025314331055,0.16287970542907715
suite67,0.19782590866088867,0.16832280158996582
suite67,0.1966841220855713,0.18811964988708496
suite67,0.18973207473754883,0.1690807342529297
suite67,0.18709278106689453,0.1755838394165039
suite75,0.20269513130187988,0.1681525707244873
suite75,0.20077824592590332,0.17523503303527832
suite75,0.2050020694732666,0.18189120292663574
suite75,0.19586873054504395,0.16983842849731445
suite75,0.19453120231628418,0.17928814888000488
suite75,0.20226740837097168,0.16996002197265625
suite75,0.1872391700744629,0.17346477508544922
suite75,0.20598363876342773,0.18239259719848633
suite75,0.21331453323364258,0.1740407943725586
suite75,0.19741010665893555,0.1687629222869873
suite75,0.20147967338562012,0.1822371482849121
suite75,0.19862890243530273,0.1703798770904541
suite75,0.20997977256774902,0.18158650398254395
suite75,0.20411324501037598,0.17630815505981445
suite75,0.1996753215789795,0.1769399642944336
suite75,0.20341992378234863,0.1732654571533203
suite75,0.21077609062194824,0.17525458335876465
suite75,0.19936609268188477,0.16704154014587402
suite75,0.22082114219665527,0.17749285697937012
suite75,0.20778775215148926,0.16878223419189453
suite75,0.20621228218078613,0.17264556884765625
suite75,0.20253205299377441,0.1804184913635254
suite75,0.21287798881530762,0.16642355918884277
suite75,0.19579529762268066,0.1729569435119629
suite75,0.20357728004455566,0.19173073768615723
suite75,0.20341730117797852,0.17195868492126465
suite75,0.20233535766601562,0.18202972412109375
suite75,0.1990199089050293,0.17921924591064453
suite75,0.19637846946716309,0.17292261123657227
suite75,0.2047567367553711,0.1719505786895752
suite184,0.22591161727905273,0.18869471549987793
suite184,0.21964025497436523,0.2004561424255371
suite184,0.2319028377532959,0.19316530227661133
suite184,0.22305893898010254,0.1892702579498291
suite184,0.21670222282409668,0.19288992881774902
suite184,0.21669721603393555,0.1743326187133789
suite184,0.22977995872497559,0.19386720657348633
suite184,0.2238142490386963,0.19075703620910645
suite184,0.2250385284423828,0.1851670742034912
suite184,0.22290945053100586,0.1925818920135498
suite184,0.2250370979309082,0.17888593673706055
suite184,0.22217226028442383,0.19314098358154297
suite184,0.22871613502502441,0.19194316864013672
suite184,0.21390485763549805,0.19835734367370605
suite184,0.22099733352661133,0.18451261520385742
suite184,0.23019123077392578,0.1870863437652588
suite184,0.22342896461486816,0.18389630317687988
suite184,0.232590913772583,0.18344664573669434
suite184,0.22070622444152832,0.18055272102355957
suite184,0.21421551704406738,0.179823637008667
suite184,0.22045660018920898,0.18543744087219238
suite184,0.21361494064331055,0.19564342498779297
suite184,0.2302241325378418,0.18759417533874512
suite184,0.2213907241821289,0.18845438957214355
suite184,0.2312941551208496,0.19489407539367676
suite184,0.22599339485168457,0.19377493858337402
suite184,0.22030067443847656,0.18099117279052734
suite184,0.23155570030212402,0.17807745933532715
suite184,0.22507905960083008,0.18631887435913086
suite184,0.21974515914916992,0.18921732902526855
suite290,0.23157882690429688,0.18978571891784668
suite290,0.24028491973876953,0.17990684509277344
suite290,0.23099613189697266,0.1819157600402832
suite290,0.23164653778076172,0.18875503540039062
suite290,0.2361435890197754,0.18700599670410156
suite290,0.23013663291931152,0.1996147632598877
suite290,0.23581409454345703,0.18809151649475098
suite290,0.23895645141601562,0.1891191005706787
suite290,0.23218846321105957,0.17742705345153809
suite290,0.23027849197387695,0.1848750114440918
suite290,0.23107099533081055,0.1859736442565918
suite290,0.24332571029663086,0.1761951446533203
suite290,0.22840595245361328,0.18790125846862793
suite290,0.22984814643859863,0.17871856689453125
suite290,0.22693181037902832,0.18033194541931152
suite290,0.23299932479858398,0.17539048194885254
suite290,0.22916960716247559,0.18860578536987305
suite290,0.2489452362060547,0.18689346313476562
suite290,0.23937702178955078,0.19446873664855957
suite290,0.22527718544006348,0.19708490371704102
suite290,0.2413332462310791,0.18167996406555176
suite290,0.23664307594299316,0.1834573745727539
suite290,0.2290959358215332,0.1841890811920166
suite290,0.23055124282836914,0.18704867362976074
suite290,0.23725628852844238,0.18442654609680176
suite290,0.23412346839904785,0.17126178741455078
suite290,0.23076081275939941,0.18444490432739258
suite290,0.23252129554748535,0.17224740982055664
suite290,0.23197627067565918,0.18084144592285156
suite290,0.23412656784057617,0.18005728721618652
suite301,0.18741631507873535,0.16314935684204102
suite301,0.18256735801696777,0.16771697998046875
suite301,0.18583083152770996,0.16489124298095703
suite301,0.18014955520629883,0.1596667766571045
suite301,0.18122005462646484,0.16724252700805664
suite301,0.1845388412475586,0.16498851776123047
suite301,0.18034744262695312,0.16450190544128418
suite301,0.1820082664489746,0.15893840789794922
suite301,0.19271516799926758,0.1620030403137207
suite301,0.17802882194519043,0.17238211631774902
suite301,0.20022153854370117,0.15770292282104492
suite301,0.18284082412719727,0.16604328155517578
suite301,0.1791539192199707,0.1579570770263672
suite301,0.18352556228637695,0.18438053131103516
suite301,0.20778656005859375,0.16004657745361328
suite301,0.1826779842376709,0.16697025299072266
suite301,0.1781466007232666,0.16634607315063477
suite301,0.18851375579833984,0.16724181175231934
suite301,0.1849677562713623,0.17256784439086914
suite301,0.19223833084106445,0.16249799728393555
suite301,0.18442130088806152,0.1667006015777588
suite301,0.190230131149292,0.16861796379089355
suite301,0.18827438354492188,0.1617259979248047
suite301,0.18133234977722168,0.1689317226409912
suite301,0.184891939163208,0.16373825073242188
suite301,0.18935585021972656,0.161146879196167
suite301,0.17858123779296875,0.17026066780090332
suite301,0.1850264072418213,0.16196799278259277
suite301,0.18538641929626465,0.18615221977233887
suite301,0.20394229888916016,0.15996074676513672
suite309,0.21331286430358887,0.20160269737243652
suite309,0.23973655700683594,0.17042136192321777
suite309,0.20930027961730957,0.17339181900024414
suite309,0.21587324142456055,0.1744675636291504
suite309,0.222764253616333,0.16349577903747559
suite309,0.2196807861328125,0.17015409469604492
suite309,0.21767520904541016,0.16865134239196777
suite309,0.22524118423461914,0.17076396942138672
suite309,0.22162246704101562,0.15411782264709473
suite309,0.22147870063781738,0.1696333885192871
suite309,0.22494101524353027,0.17381000518798828
suite309,0.21755218505859375,0.17383956909179688
suite309,0.22206449508666992,0.16588544845581055
suite309,0.2155773639678955,0.16819453239440918
suite309,0.21668291091918945,0.16960597038269043
suite309,0.21427226066589355,0.17113280296325684
suite309,0.21663713455200195,0.173903226852417
suite309,0.22060537338256836,0.17222094535827637
suite309,0.22090625762939453,0.17325282096862793
suite309,0.219102144241333,0.16701817512512207
suite309,0.22552776336669922,0.1682600975036621
suite309,0.24269509315490723,0.17141342163085938
suite309,0.22726058959960938,0.16935205459594727
suite309,0.22162151336669922,0.16993021965026855
suite309,0.2107694149017334,0.16880416870117188
suite309,0.21226930618286133,0.18477821350097656
suite309,0.24871039390563965,0.17668890953063965
suite309,0.23840761184692383,0.16968464851379395
suite309,0.21384644508361816,0.17832159996032715
suite309,0.23510026931762695,0.18024182319641113
suite343,0.20239830017089844,0.1746220588684082
suite343,0.19861865043640137,0.17584705352783203
suite343,0.19585537910461426,0.15946221351623535
suite343,0.19767475128173828,0.17743992805480957
suite343,0.19082212448120117,0.17238807678222656
suite343,0.19636917114257812,0.18131709098815918
suite343,0.2094573974609375,0.17177629470825195
suite343,0.19946002960205078,0.18555903434753418
suite343,0.19656062126159668,0.1734142303466797
suite343,0.19459009170532227,0.1762831211090088
suite343,0.1965961456298828,0.17091774940490723
suite343,0.21247196197509766,0.1724851131439209
suite343,0.20316147804260254,0.16834497451782227
suite343,0.2006385326385498,0.17631077766418457
suite343,0.2036449909210205,0.17319846153259277
suite343,0.20032382011413574,0.17096805572509766
suite343,0.19559669494628906,0.17379045486450195
suite343,0.19887304306030273,0.17023015022277832
suite343,0.19151091575622559,0.17713284492492676
suite343,0.20199275016784668,0.16897201538085938
suite343,0.19790172576904297,0.16843724250793457
suite343,0.20190954208374023,0.19336557388305664
suite343,0.18914294242858887,0.172454833984375
suite343,0.19255495071411133,0.17111873626708984
suite343,0.1961214542388916,0.18007135391235352
suite343,0.20854544639587402,0.1691875457763672
suite343,0.19926071166992188,0.15712761878967285
suite343,0.20217561721801758,0.1725003719329834
suite343,0.19116592407226562,0.16290855407714844
suite343,0.20337891578674316,0.16361331939697266
suite351,0.2046804428100586,0.1752007007598877
suite351,0.1963818073272705,0.17117738723754883
suite351,0.195542573928833,0.1691737174987793
suite351,0.206160306930542,0.17274737358093262
suite351,0.2008655071258545,0.16840076446533203
suite351,0.19890975952148438,0.17892932891845703
suite351,0.20787930488586426,0.16890263557434082
suite351,0.20484066009521484,0.17584872245788574
suite351,0.22197532653808594,0.18006205558776855
suite351,0.19974207878112793,0.16764283180236816
suite351,0.20156574249267578,0.17421746253967285
suite351,0.20123744010925293,0.1789262294769287
suite351,0.20011448860168457,0.16915583610534668
suite351,0.20483088493347168,0.16879916191101074
suite351,0.1999678611755371,0.1745145320892334
suite351,0.20963311195373535,0.17805004119873047
suite351,0.20554232597351074,0.16834545135498047
suite351,0.20292448997497559,0.1705780029296875
suite351,0.19556188583374023,0.16824603080749512
suite351,0.19815850257873535,0.1826338768005371
suite351,0.20475006103515625,0.17357778549194336
suite351,0.1951146125793457,0.1753692626953125
suite351,0.19649577140808105,0.1789712905883789
suite351,0.21030235290527344,0.16908502578735352
suite351,0.20437216758728027,0.21024441719055176
suite351,0.2154247760772705,0.17074322700500488
suite351,0.20577597618103027,0.19005346298217773
suite351,0.20264005661010742,0.16164851188659668
suite351,0.20030808448791504,0.16888117790222168
suite351,0.20238018035888672,0.17552471160888672
suite361,0.19342994689941406,0.17778706550598145
suite361,0.1948859691619873,0.17447805404663086
suite361,0.1889798641204834,0.16358613967895508
suite361,0.1837465763092041,0.17017531394958496
suite361,0.19712400436401367,0.174635648727417
suite361,0.18904590606689453,0.16368484497070312
suite361,0.19046664237976074,0.16926145553588867
suite361,0.18158173561096191,0.16932892799377441
suite361,0.20244860649108887,0.17404556274414062
suite361,0.19206619262695312,0.17949533462524414
suite361,0.19462943077087402,0.17643022537231445
suite361,0.19646167755126953,0.17991113662719727
suite361,0.19282078742980957,0.16827702522277832
suite361,0.1944873332977295,0.1700453758239746
suite361,0.19832563400268555,0.16852521896362305
suite361,0.19724440574645996,0.16802382469177246
suite361,0.1846628189086914,0.17092251777648926
suite361,0.19294095039367676,0.17360997200012207
suite361,0.19429636001586914,0.16644859313964844
suite361,0.19417214393615723,0.1692333221435547
suite361,0.20341086387634277,0.17976713180541992
suite361,0.20802879333496094,0.1760425567626953
suite361,0.1928880214691162,0.17380714416503906
suite361,0.19162249565124512,0.17103242874145508
suite361,0.19359874725341797,0.1869053840637207
suite361,0.19439435005187988,0.1739487648010254
suite361,0.21519255638122559,0.17334699630737305
suite361,0.19448375701904297,0.18188071250915527
suite361,0.18970251083374023,0.1717522144317627
suite361,0.19254612922668457,0.17126226425170898
suite370,0.22833704948425293,0.1946427822113037
suite370,0.1881122589111328,0.17402911186218262
suite370,0.19638586044311523,0.17310619354248047
suite370,0.19308805465698242,0.17189359664916992
suite370,0.18766164779663086,0.1683518886566162
suite370,0.19970941543579102,0.16688013076782227
suite370,0.2026047706604004,0.17136120796203613
suite370,0.21362996101379395,0.2005908489227295
suite370,0.20524215698242188,0.17107462882995605
suite370,0.20140457153320312,0.17052960395812988
suite370,0.1985304355621338,0.1722567081451416
suite370,0.19446897506713867,0.17289948463439941
suite370,0.19523382186889648,0.17270207405090332
suite370,0.1976795196533203,0.1790165901184082
suite370,0.20421290397644043,0.17675542831420898
suite370,0.20383644104003906,0.17918181419372559
suite370,0.19396495819091797,0.17760467529296875
suite370,0.1970982551574707,0.17143797874450684
suite370,0.19413280487060547,0.1630079746246338
suite370,0.19777679443359375,0.16859078407287598
suite370,0.1885523796081543,0.1748180389404297
suite370,0.19362783432006836,0.16910791397094727
suite370,0.2052624225616455,0.16714859008789062
suite370,0.1983487606048584,0.19144487380981445
suite370,0.22828912734985352,0.1799936294555664
suite370,0.20545196533203125,0.17309117317199707
suite370,0.19951200485229492,0.17491793632507324
suite370,0.20420384407043457,0.1726372241973877
suite370,0.19566631317138672,0.17303061485290527
suite370,0.206068754196167,0.17611360549926758
suite379,0.20302462577819824,0.17306995391845703
suite379,0.20253419876098633,0.1724100112915039
suite379,0.20314908027648926,0.168165922164917
suite379,0.19812488555908203,0.17593669891357422
suite379,0.20180201530456543,0.1706562042236328
suite379,0.20242691040039062,0.17843985557556152
suite379,0.19904232025146484,0.17070913314819336
suite379,0.20107769966125488,0.16720962524414062
suite379,0.20406484603881836,0.16832542419433594
suite379,0.2035353183746338,0.16967129707336426
suite379,0.19541049003601074,0.1616523265838623
suite379,0.20148491859436035,0.16819071769714355
suite379,0.19103431701660156,0.16848230361938477
suite379,0.22722911834716797,0.16554546356201172
suite379,0.1903672218322754,0.17170214653015137
suite379,0.20354986190795898,0.16843533515930176
suite379,0.1969456672668457,0.17028450965881348
suite379,0.20725488662719727,0.1589055061340332
suite379,0.20311522483825684,0.1669139862060547
suite379,0.20093011856079102,0.17431211471557617
suite379,0.20279717445373535,0.17867803573608398
suite379,0.22108817100524902,0.16791009902954102
suite379,0.19799208641052246,0.17311596870422363
suite379,0.20034313201904297,0.17192316055297852
suite379,0.20191168785095215,0.16091322898864746
suite379,0.20500850677490234,0.18058276176452637
suite379,0.23158884048461914,0.17020606994628906
suite379,0.20049571990966797,0.16811609268188477
suite379,0.19981670379638672,0.18014144897460938
suite379,0.21755313873291016,0.16765642166137695
suite434,0.21435284614562988,0.17984986305236816
suite434,0.21085882186889648,0.1814439296722412
suite434,0.21294093132019043,0.18406128883361816
suite434,0.21593451499938965,0.1851961612701416
suite434,0.2181851863861084,0.18893146514892578
suite434,0.21538043022155762,0.1795027256011963
suite434,0.2244856357574463,0.1828324794769287
suite434,0.2164161205291748,0.18001151084899902
suite434,0.2131342887878418,0.18314242362976074
suite434,0.22695016860961914,0.17734146118164062
suite434,0.21801352500915527,0.17913174629211426
suite434,0.23274564743041992,0.1767430305480957
suite434,0.21628856658935547,0.18022871017456055
suite434,0.21335601806640625,0.17830157279968262
suite434,0.21745824813842773,0.18262195587158203
suite434,0.21394014358520508,0.17841720581054688
suite434,0.2224135398864746,0.18169736862182617
suite434,0.21012639999389648,0.18469667434692383
suite434,0.20868873596191406,0.17774629592895508
suite434,0.20839524269104004,0.18580985069274902
suite434,0.21280145645141602,0.17751669883728027
suite434,0.21195220947265625,0.1765601634979248
suite434,0.22018671035766602,0.1832747459411621
suite434,0.21715140342712402,0.17567706108093262
suite434,0.23517537117004395,0.18044233322143555
suite434,0.21736431121826172,0.1735689640045166
suite434,0.21140027046203613,0.16735124588012695
suite434,0.2109837532043457,0.1832258701324463
suite434,0.21374750137329102,0.19865846633911133
suite434,0.22041606903076172,0.17450571060180664
suite480,0.18193483352661133,0.1657266616821289
suite480,0.17882347106933594,0.167799711227417
suite480,0.18434882164001465,0.1687476634979248
suite480,0.18437433242797852,0.16726326942443848
suite480,0.18443846702575684,0.1621098518371582
suite480,0.18972206115722656,0.1660161018371582
suite480,0.18788981437683105,0.16490459442138672
suite480,0.18465471267700195,0.166670560836792
suite480,0.1840653419494629,0.17249011993408203
suite480,0.18688344955444336,0.17206096649169922
suite480,0.19562458992004395,0.17155051231384277
suite480,0.18515658378601074,0.16992735862731934
suite480,0.19807648658752441,0.1708824634552002
suite480,0.18492746353149414,0.17048382759094238
suite480,0.17822694778442383,0.1708214282989502
suite480,0.18529415130615234,0.16776537895202637
suite480,0.19133853912353516,0.16990303993225098
suite480,0.18028783798217773,0.17181754112243652
suite480,0.1860802173614502,0.17328095436096191
suite480,0.18535804748535156,0.174088716506958
suite480,0.19725894927978516,0.1630992889404297
suite480,0.19656848907470703,0.16663336753845215
suite480,0.1869945526123047,0.16514348983764648
suite480,0.18537592887878418,0.17697691917419434
suite480,0.20999550819396973,0.17557501792907715
suite480,0.19001102447509766,0.17022013664245605
suite480,0.18332219123840332,0.16950774192810059
suite480,0.18957829475402832,0.15865826606750488
suite480,0.18868303298950195,0.1715412139892578
suite480,0.1828610897064209,0.16263198852539062
suite489,0.18723392486572266,0.17392969131469727
suite489,0.185286283493042,0.1755974292755127
suite489,0.18995308876037598,0.17801952362060547
suite489,0.19404935836791992,0.19601130485534668
suite489,0.20212864875793457,0.17531728744506836
suite489,0.19516825675964355,0.17824792861938477
suite489,0.1871929168701172,0.17188167572021484
suite489,0.19342756271362305,0.19828343391418457
suite489,0.21011853218078613,0.18452048301696777
suite489,0.20758390426635742,0.1760694980621338
suite489,0.1923360824584961,0.1706850528717041
suite489,0.19971394538879395,0.1791541576385498
suite489,0.19446587562561035,0.17566633224487305
suite489,0.19513726234436035,0.18408799171447754
suite489,0.1961989402770996,0.185105562210083
suite489,0.21123671531677246,0.17339301109313965
suite489,0.21097493171691895,0.18470144271850586
suite489,0.19803786277770996,0.1732478141784668
suite489,0.20392084121704102,0.18411016464233398
suite489,0.19393658638000488,0.18037056922912598
suite489,0.1983933448791504,0.17574763298034668
suite489,0.19952178001403809,0.17634296417236328
suite489,0.199629545211792,0.1787109375
suite489,0.201171875,0.18610286712646484
suite489,0.19894623756408691,0.17517638206481934
suite489,0.19507217407226562,0.17642951011657715
suite489,0.20428228378295898,0.1747446060180664
suite489,0.19899988174438477,0.1718144416809082
suite489,0.19294476509094238,0.17711734771728516
suite489,0.1818699836730957,0.17140698432922363
suite500,0.2271137237548828,0.18582653999328613
suite500,0.2286515235900879,0.17371630668640137
suite500,0.22890639305114746,0.17367768287658691
suite500,0.2318413257598877,0.1853961944580078
suite500,0.2320423126220703,0.18999958038330078
suite500,0.22905802726745605,0.18256306648254395
suite500,0.22976326942443848,0.18892478942871094
suite500,0.22763276100158691,0.18378281593322754
suite500,0.225067138671875,0.18152546882629395
suite500,0.21942782402038574,0.18375587463378906
suite500,0.2261366844177246,0.18618011474609375
suite500,0.22745466232299805,0.19291448593139648
suite500,0.22862482070922852,0.18433237075805664
suite500,0.22766423225402832,0.1719052791595459
suite500,0.23850440979003906,0.18198466300964355
suite500,0.23844051361083984,0.17138099670410156
suite500,0.22818613052368164,0.17962646484375
suite500,0.2237849235534668,0.18039274215698242
suite500,0.22668147087097168,0.18813300132751465
suite500,0.23168730735778809,0.18219280242919922
suite500,0.22022175788879395,0.18294692039489746
suite500,0.2217273712158203,0.1885204315185547
suite500,0.22141480445861816,0.18731069564819336
suite500,0.22515559196472168,0.20817232131958008
suite500,0.22723054885864258,0.18040823936462402
suite500,0.22684478759765625,0.18371176719665527
suite500,0.22360634803771973,0.17736315727233887
suite500,0.2315070629119873,0.17413020133972168
suite500,0.22646021842956543,0.17939043045043945
suite500,0.21984648704528809,0.18573665618896484
suite519,0.20818305015563965,0.17506718635559082
suite519,0.20599627494812012,0.1643352508544922
suite519,0.1909162998199463,0.17622995376586914
suite519,0.19754672050476074,0.18005776405334473
suite519,0.20318245887756348,0.1829390525817871
suite519,0.199188232421875,0.1697063446044922
suite519,0.2028646469116211,0.17650485038757324
suite519,0.19404888153076172,0.16913461685180664
suite519,0.19588351249694824,0.1745457649230957
suite519,0.19785022735595703,0.18207693099975586
suite519,0.19810819625854492,0.16956615447998047
suite519,0.19458508491516113,0.17654800415039062
suite519,0.20206642150878906,0.15759611129760742
suite519,0.1921982765197754,0.169569730758667
suite519,0.1920630931854248,0.17314934730529785
suite519,0.19955015182495117,0.17479705810546875
suite519,0.20021605491638184,0.18149805068969727
suite519,0.20125079154968262,0.17178034782409668
suite519,0.195906400680542,0.1692366600036621
suite519,0.1876077651977539,0.1734333038330078
suite519,0.19762802124023438,0.17485976219177246
suite519,0.20162272453308105,0.17283105850219727
suite519,0.20000219345092773,0.19905686378479004
suite519,0.21747660636901855,0.17913079261779785
suite519,0.19596648216247559,0.17417192459106445
suite519,0.2037816047668457,0.17822623252868652
suite519,0.17857122421264648,0.1699233055114746
suite519,0.18521881103515625,0.17622637748718262
suite519,0.19684934616088867,0.20145678520202637
suite519,0.2202003002166748,0.1730785369873047
suite530,0.19079065322875977,0.17121529579162598
suite530,0.20274853706359863,0.17372703552246094
suite530,0.1972057819366455,0.18218064308166504
suite530,0.20594334602355957,0.18337583541870117
suite530,0.2016279697418213,0.1810929775238037
suite530,0.19890165328979492,0.19115328788757324
suite530,0.20119953155517578,0.15925168991088867
suite530,0.19851303100585938,0.17238783836364746
suite530,0.2013247013092041,0.17380833625793457
suite530,0.1911604404449463,0.18737483024597168
suite530,0.20487475395202637,0.17485499382019043
suite530,0.2051708698272705,0.17594265937805176
suite530,0.19817614555358887,0.17338347434997559
suite530,0.20505666732788086,0.17635250091552734
suite530,0.2045917510986328,0.1758108139038086
suite530,0.1980447769165039,0.17693185806274414
suite530,0.19807052612304688,0.1772775650024414
suite530,0.1985325813293457,0.182051420211792
suite530,0.19034385681152344,0.17387652397155762
suite530,0.19605088233947754,0.16662979125976562
suite530,0.19767069816589355,0.17086482048034668
suite530,0.21096229553222656,0.17673516273498535
suite530,0.1965939998626709,0.17301297187805176
suite530,0.20258069038391113,0.17727136611938477
suite530,0.21193146705627441,0.17868280410766602
suite530,0.2062692642211914,0.18386340141296387
suite530,0.20008087158203125,0.17594695091247559
suite530,0.20935583114624023,0.1785449981689453
suite530,0.2082829475402832,0.16768956184387207
suite530,0.20233631134033203,0.16986441612243652
suite564,0.21997570991516113,0.1637418270111084
suite564,0.21667265892028809,0.17264747619628906
suite564,0.2150125503540039,0.17000126838684082
suite564,0.2096259593963623,0.17550420761108398
suite564,0.21356987953186035,0.17890119552612305
suite564,0.22037386894226074,0.186234712600708
suite564,0.22307467460632324,0.18699145317077637
suite564,0.2334151268005371,0.17438173294067383
suite564,0.21433639526367188,0.18045663833618164
suite564,0.21541166305541992,0.16954374313354492
suite564,0.21287322044372559,0.17469286918640137
suite564,0.20557546615600586,0.1863694190979004
suite564,0.21639466285705566,0.1789414882659912
suite564,0.2196025848388672,0.17494797706604004
suite564,0.21728730201721191,0.17291927337646484
suite564,0.2304549217224121,0.1808309555053711
suite564,0.22926855087280273,0.1697385311126709
suite564,0.2240607738494873,0.1677260398864746
suite564,0.21136903762817383,0.18505573272705078
suite564,0.23915886878967285,0.16956543922424316
suite564,0.21437978744506836,0.17305970191955566
suite564,0.21800684928894043,0.18152904510498047
suite564,0.2175617218017578,0.17071127891540527
suite564,0.20950984954833984,0.16393423080444336
suite564,0.211944580078125,0.17711591720581055
suite564,0.21709346771240234,0.16013622283935547
suite564,0.21611785888671875,0.1782090663909912
suite564,0.21914362907409668,0.17832708358764648
suite564,0.22727274894714355,0.18857145309448242
suite564,0.21581101417541504,0.1739959716796875
suite591,0.2609694004058838,0.18021893501281738
suite591,0.2503957748413086,0.18716692924499512
suite591,0.2626078128814697,0.1929759979248047
suite591,0.24863576889038086,0.1884007453918457
suite591,0.24100160598754883,0.19878649711608887
suite591,0.25201940536499023,0.1879281997680664
suite591,0.24820661544799805,0.19137787818908691
suite591,0.2546398639678955,0.18946433067321777
suite591,0.25243186950683594,0.18608522415161133
suite591,0.2564229965209961,0.1930537223815918
suite591,0.25180578231811523,0.19342565536499023
suite591,0.27068376541137695,0.19044017791748047
suite591,0.2693476676940918,0.18818402290344238
suite591,0.25313830375671387,0.1864175796508789
suite591,0.2422173023223877,0.18844056129455566
suite591,0.25359249114990234,0.19137859344482422
suite591,0.2557668685913086,0.18613505363464355
suite591,0.25510501861572266,0.18787550926208496
suite591,0.2516603469848633,0.17881989479064941
suite591,0.2499842643737793,0.19820189476013184
suite591,0.2552206516265869,0.19094419479370117
suite591,0.24650287628173828,0.19351434707641602
suite591,0.24381542205810547,0.18732070922851562
suite591,0.24034786224365234,0.17641353607177734
suite591,0.2744908332824707,0.21016979217529297
suite591,0.24593567848205566,0.20508241653442383
suite591,0.25858378410339355,0.19248652458190918
suite591,0.2539377212524414,0.1741786003112793
suite591,0.24847054481506348,0.18950629234313965
suite591,0.25141429901123047,0.19611001014709473
suite594,0.22843146324157715,0.18305206298828125
suite594,0.2251448631286621,0.17994284629821777
suite594,0.2239363193511963,0.17098617553710938
suite594,0.22973370552062988,0.18572020530700684
suite594,0.22282195091247559,0.17934155464172363
suite594,0.22379541397094727,0.1800379753112793
suite594,0.2250356674194336,0.1852576732635498
suite594,0.21574139595031738,0.16785764694213867
suite594,0.22249603271484375,0.1836402416229248
suite594,0.21833276748657227,0.18614697456359863
suite594,0.2266533374786377,0.18058300018310547
suite594,0.2245795726776123,0.1801004409790039
suite594,0.2248830795288086,0.17547011375427246
suite594,0.23166704177856445,0.18195629119873047
suite594,0.21976995468139648,0.19529294967651367
suite594,0.22678494453430176,0.177978515625
suite594,0.2229902744293213,0.17859172821044922
suite594,0.21693992614746094,0.18091917037963867
suite594,0.22650480270385742,0.18036127090454102
suite594,0.22429180145263672,0.18192267417907715
suite594,0.22408366203308105,0.178847074508667
suite594,0.22656917572021484,0.1884145736694336
suite594,0.22461366653442383,0.18277478218078613
suite594,0.22721481323242188,0.18240642547607422
suite594,0.2287607192993164,0.18672442436218262
suite594,0.22459173202514648,0.17527031898498535
suite594,0.2195429801940918,0.17961692810058594
suite594,0.22075104713439941,0.17665958404541016
suite594,0.22429156303405762,0.1849358081817627
suite594,0.22060394287109375,0.18012547492980957
suite673,0.18796896934509277,0.16718649864196777
suite673,0.19671154022216797,0.17489075660705566
suite673,0.1896228790283203,0.1634519100189209
suite673,0.18895530700683594,0.17086172103881836
suite673,0.1948535442352295,0.1580197811126709
suite673,0.18585801124572754,0.17025208473205566
suite673,0.18642377853393555,0.16609930992126465
suite673,0.18403244018554688,0.16202807426452637
suite673,0.19717979431152344,0.16456174850463867
suite673,0.18400812149047852,0.17182660102844238
suite673,0.19197297096252441,0.16280794143676758
suite673,0.19011783599853516,0.17008113861083984
suite673,0.1943190097808838,0.17432522773742676
suite673,0.18560552597045898,0.1773853302001953
suite673,0.2076396942138672,0.1648426055908203
suite673,0.19294285774230957,0.1647782325744629
suite673,0.18876981735229492,0.16532325744628906
suite673,0.1878499984741211,0.1631300449371338
suite673,0.1861097812652588,0.16519927978515625
suite673,0.19066762924194336,0.1707463264465332
suite673,0.19283676147460938,0.19629907608032227
suite673,0.18777704238891602,0.1746196746826172
suite673,0.18641400337219238,0.18095850944519043
suite673,0.19867229461669922,0.16515731811523438
suite673,0.187544584274292,0.16999411582946777
suite673,0.18938064575195312,0.17105364799499512
suite673,0.18947505950927734,0.17078018188476562
suite673,0.19268536567687988,0.17075157165527344
suite673,0.2023484706878662,0.17163300514221191
suite673,0.1885223388671875,0.1723487377166748
suite678,0.2028214931488037,0.18193960189819336
suite678,0.202620267868042,0.17634177207946777
suite678,0.19882655143737793,0.18978357315063477
suite678,0.20241475105285645,0.17325496673583984
suite678,0.21561551094055176,0.18035507202148438
suite678,0.20287156105041504,0.1803581714630127
suite678,0.20606660842895508,0.18699955940246582
suite678,0.19674181938171387,0.17441129684448242
suite678,0.1999189853668213,0.17004060745239258
suite678,0.19999217987060547,0.16338491439819336
suite678,0.1949012279510498,0.17328786849975586
suite678,0.20699548721313477,0.17519354820251465
suite678,0.20372390747070312,0.17577362060546875
suite678,0.20628142356872559,0.17510485649108887
suite678,0.20158839225769043,0.1746511459350586
suite678,0.22145676612854004,0.17469429969787598
suite678,0.2039649486541748,0.1739051342010498
suite678,0.21074557304382324,0.17626452445983887
suite678,0.21262073516845703,0.17633414268493652
suite678,0.2045760154724121,0.17994332313537598
suite678,0.20156097412109375,0.17275381088256836
suite678,0.20262837409973145,0.17727160453796387
suite678,0.19937777519226074,0.17285680770874023
suite678,0.20000314712524414,0.1689453125
suite678,0.20201563835144043,0.17134380340576172
suite678,0.1982436180114746,0.17713618278503418
suite678,0.19680380821228027,0.1741335391998291
suite678,0.20915555953979492,0.17125988006591797
suite678,0.20395350456237793,0.17702054977416992
suite678,0.20526695251464844,0.1734905242919922
suite705,0.22318482398986816,0.17427539825439453
suite705,0.21896862983703613,0.17713332176208496
suite705,0.21963953971862793,0.18033194541931152
suite705,0.22097301483154297,0.16810226440429688
suite705,0.22270989418029785,0.18249177932739258
suite705,0.2184886932373047,0.17681050300598145
suite705,0.21467280387878418,0.18078970909118652
suite705,0.21573758125305176,0.18508243560791016
suite705,0.22670412063598633,0.17721319198608398
suite705,0.2112727165222168,0.1800992488861084
suite705,0.22092390060424805,0.17492270469665527
suite705,0.21906685829162598,0.1855459213256836
suite705,0.21965527534484863,0.17133569717407227
suite705,0.22011399269104004,0.17971491813659668
suite705,0.22067475318908691,0.1799769401550293
suite705,0.21537423133850098,0.18093395233154297
suite705,0.22133398056030273,0.18347954750061035
suite705,0.21384549140930176,0.17294025421142578
suite705,0.21613335609436035,0.18165802955627441
suite705,0.21996259689331055,0.17393827438354492
suite705,0.21718978881835938,0.1792590618133545
suite705,0.22326970100402832,0.17299675941467285
suite705,0.2060103416442871,0.17427277565002441
suite705,0.21911144256591797,0.1867830753326416
suite705,0.22187042236328125,0.17784976959228516
suite705,0.21640467643737793,0.1773512363433838
suite705,0.21128106117248535,0.1837315559387207
suite705,0.23529458045959473,0.18051576614379883
suite705,0.2117629051208496,0.1749887466430664
suite705,0.21885037422180176,0.1775205135345459
suite706,0.21813583374023438,0.17235326766967773
suite706,0.21652460098266602,0.15769577026367188
suite706,0.2215569019317627,0.17557978630065918
suite706,0.2189955711364746,0.17152118682861328
suite706,0.22458386421203613,0.17758584022521973
suite706,0.21880364418029785,0.177232027053833
suite706,0.22882962226867676,0.16727995872497559
suite706,0.22802186012268066,0.17023539543151855
suite706,0.2224867343902588,0.16944193840026855
suite706,0.21583890914916992,0.167999267578125
suite706,0.21538662910461426,0.16807007789611816
suite706,0.21969842910766602,0.17085027694702148
suite706,0.22049689292907715,0.16545987129211426
suite706,0.22154879570007324,0.17135262489318848
suite706,0.21871113777160645,0.16272687911987305
suite706,0.21128439903259277,0.16199874877929688
suite706,0.227586030960083,0.16953682899475098
suite706,0.21386408805847168,0.1631467342376709
suite706,0.2201542854309082,0.16573715209960938
suite706,0.22428178787231445,0.16807985305786133
suite706,0.22106051445007324,0.17416095733642578
suite706,0.22054195404052734,0.1672680377960205
suite706,0.21872377395629883,0.16240191459655762
suite706,0.20833420753479004,0.18299341201782227
suite706,0.22197556495666504,0.15670228004455566
suite706,0.2189161777496338,0.16903138160705566
suite706,0.22395992279052734,0.16443634033203125
suite706,0.21996665000915527,0.16316008567810059
suite706,0.21103882789611816,0.15965652465820312
suite706,0.21764850616455078,0.16880083084106445
suite726,0.2065272331237793,0.18061041831970215
suite726,0.20865702629089355,0.17065095901489258
suite726,0.20595908164978027,0.17945218086242676
suite726,0.20628070831298828,0.1897902488708496
suite726,0.21278595924377441,0.18646836280822754
suite726,0.20914220809936523,0.18452072143554688
suite726,0.21534132957458496,0.17750191688537598
suite726,0.20623159408569336,0.18034863471984863
suite726,0.2053508758544922,0.17948508262634277
suite726,0.1996610164642334,0.18344354629516602
suite726,0.20263147354125977,0.19045591354370117
suite726,0.22284889221191406,0.18326234817504883
suite726,0.20459580421447754,0.18287301063537598
suite726,0.20192766189575195,0.17865920066833496
suite726,0.2085256576538086,0.18482136726379395
suite726,0.20842719078063965,0.18469500541687012
suite726,0.21020007133483887,0.1809093952178955
suite726,0.21146535873413086,0.19427084922790527
suite726,0.20661020278930664,0.18517255783081055
suite726,0.20330214500427246,0.1834094524383545
suite726,0.20656633377075195,0.17759180068969727
suite726,0.20302081108093262,0.1794722080230713
suite726,0.2183239459991455,0.1738126277923584
suite726,0.200944185256958,0.18407773971557617
suite726,0.20854854583740234,0.18024086952209473
suite726,0.20544052124023438,0.1746509075164795
suite726,0.20470213890075684,0.18011975288391113
suite726,0.20410609245300293,0.18819141387939453
suite726,0.20844411849975586,0.201080322265625
suite726,0.2131495475769043,0.18428421020507812
suite728,0.19416189193725586,0.1671910285949707
suite728,0.19572186470031738,0.1672840118408203
suite728,0.18980908393859863,0.17679786682128906
suite728,0.1983966827392578,0.17846250534057617
suite728,0.19344043731689453,0.16603374481201172
suite728,0.19378018379211426,0.16515374183654785
suite728,0.1966085433959961,0.16584420204162598
suite728,0.19634604454040527,0.16616344451904297
suite728,0.20126676559448242,0.16836810111999512
suite728,0.20276308059692383,0.1670830249786377
suite728,0.1988983154296875,0.17503023147583008
suite728,0.19595646858215332,0.17108535766601562
suite728,0.18760108947753906,0.1588294506072998
suite728,0.19497299194335938,0.17164206504821777
suite728,0.19982576370239258,0.16930818557739258
suite728,0.19388484954833984,0.17170095443725586
suite728,0.20351672172546387,0.16808438301086426
suite728,0.18829560279846191,0.1609642505645752
suite728,0.18909668922424316,0.1686100959777832
suite728,0.19782519340515137,0.1726212501525879
suite728,0.19632816314697266,0.17735981941223145
suite728,0.19208312034606934,0.16442179679870605
suite728,0.1911938190460205,0.16846013069152832
suite728,0.20459842681884766,0.18169426918029785
suite728,0.1953287124633789,0.1771697998046875
suite728,0.21805834770202637,0.1721036434173584
suite728,0.19188189506530762,0.159956693649292
suite728,0.19376373291015625,0.16637349128723145
suite728,0.19375109672546387,0.16727781295776367
suite728,0.1983637809753418,0.16759657859802246
suite782,0.2040083408355713,0.17052483558654785
suite782,0.20350122451782227,0.17068862915039062
suite782,0.2013394832611084,0.17191553115844727
suite782,0.2085719108581543,0.16816234588623047
suite782,0.1982274055480957,0.1703968048095703
suite782,0.2493586540222168,0.1714029312133789
suite782,0.208892822265625,0.1741955280303955
suite782,0.2032151222229004,0.18226909637451172
suite782,0.2012805938720703,0.17015838623046875
suite782,0.20153260231018066,0.16501331329345703
suite782,0.21017241477966309,0.17525315284729004
suite782,0.20429444313049316,0.1729133129119873
suite782,0.2068343162536621,0.1683809757232666
suite782,0.23789453506469727,0.1851181983947754
suite782,0.21148180961608887,0.16403722763061523
suite782,0.20863723754882812,0.1670980453491211
suite782,0.20541000366210938,0.17198753356933594
suite782,0.20490312576293945,0.16139698028564453
suite782,0.2024974822998047,0.1665327548980713
suite782,0.21228623390197754,0.1692829132080078
suite782,0.19739007949829102,0.17113351821899414
suite782,0.21257734298706055,0.18285655975341797
suite782,0.20676398277282715,0.16350674629211426
suite782,0.21301007270812988,0.17450809478759766
suite782,0.18955159187316895,0.17113113403320312
suite782,0.21052241325378418,0.17475509643554688
suite782,0.21441960334777832,0.168060302734375
suite782,0.20276856422424316,0.15854811668395996
suite782,0.20313048362731934,0.17605352401733398
suite782,0.2024974822998047,0.16989421844482422
suite899,0.20215797424316406,0.1738743782043457
suite899,0.20443081855773926,0.17226576805114746
suite899,0.20255422592163086,0.1730790138244629
suite899,0.1998133659362793,0.17286396026611328
suite899,0.24274611473083496,0.18135404586791992
suite899,0.20410776138305664,0.16529369354248047
suite899,0.2054908275604248,0.17655539512634277
suite899,0.20726847648620605,0.173537015914917
suite899,0.2137744426727295,0.18134045600891113
suite899,0.20846056938171387,0.17329192161560059
suite899,0.2107532024383545,0.17985105514526367
suite899,0.19616031646728516,0.1742715835571289
suite899,0.2086033821105957,0.17282891273498535
suite899,0.20064210891723633,0.1709902286529541
suite899,0.2063755989074707,0.18453383445739746
suite899,0.20249199867248535,0.1670548915863037
suite899,0.20456385612487793,0.1796877384185791
suite899,0.20521211624145508,0.1797623634338379
suite899,0.2041635513305664,0.19570469856262207
suite899,0.1974022388458252,0.17362475395202637
suite899,0.2002091407775879,0.17797589302062988
suite899,0.21041083335876465,0.17589020729064941
suite899,0.20614862442016602,0.1782371997833252
suite899,0.2076878547668457,0.177260160446167
suite899,0.20171809196472168,0.1729288101196289
suite899,0.2242293357849121,0.1813356876373291
suite899,0.21619772911071777,0.17667007446289062
suite899,0.2076432704925537,0.17674803733825684
suite899,0.22590994834899902,0.18090605735778809
suite899,0.20479679107666016,0.17358732223510742
suite948,0.19713401794433594,0.18020176887512207
suite948,0.19922375679016113,0.17234325408935547
suite948,0.17797279357910156,0.17267799377441406
suite948,0.19299054145812988,0.16641592979431152
suite948,0.18824219703674316,0.17442655563354492
suite948,0.19547033309936523,0.16250228881835938
suite948,0.18994379043579102,0.1686849594116211
suite948,0.19788575172424316,0.17120933532714844
suite948,0.19594693183898926,0.16692352294921875
suite948,0.1942589282989502,0.17454934120178223
suite948,0.1905522346496582,0.16816449165344238
suite948,0.18477177619934082,0.17308974266052246
suite948,0.2004709243774414,0.16587471961975098
suite948,0.19211339950561523,0.1736292839050293
suite948,0.18643450736999512,0.17240619659423828
suite948,0.193373441696167,0.16392207145690918
suite948,0.19125986099243164,0.1745314598083496
suite948,0.19123268127441406,0.16695070266723633
suite948,0.18022751808166504,0.160078763961792
suite948,0.19515252113342285,0.16654324531555176
suite948,0.19515109062194824,0.18056964874267578
suite948,0.218095064163208,0.1705317497253418
suite948,0.22453761100769043,0.16731476783752441
suite948,0.19046807289123535,0.17093181610107422
suite948,0.19928288459777832,0.17889142036437988
suite948,0.20311331748962402,0.17795991897583008
suite948,0.19679832458496094,0.15980315208435059
suite948,0.1812586784362793,0.1735391616821289
suite948,0.18870925903320312,0.16611099243164062
suite948,0.19468307495117188,0.17076826095581055
